﻿--
-- Script was generated by Devart dbForge Studio 2019 for MySQL, Version 8.2.23.0
-- Product home page: http://www.devart.com/dbforge/mysql/studio
-- Script date 18.09.2020 14:14:48
-- Server version: 5.5.60-MariaDB
-- Client version: 4.1
--

-- 
-- Disable foreign keys
-- 
/*!40014 SET @OLD_FOREIGN_KEY_CHECKS=@@FOREIGN_KEY_CHECKS, FOREIGN_KEY_CHECKS=0 */;

-- 
-- Set SQL mode
-- 
/*!40101 SET @OLD_SQL_MODE=@@SQL_MODE, SQL_MODE='NO_AUTO_VALUE_ON_ZERO' */;

-- 
-- Set character set the client will use to send SQL statements to the server
--
SET NAMES 'utf8';

--
-- Set default database
--
USE convdb;

--
-- Drop procedure `deletetasks`
--
DROP PROCEDURE IF EXISTS deletetasks;

--
-- Drop table `t_status`
--
DROP TABLE IF EXISTS t_status;

--
-- Drop function `checkfile`
--
DROP FUNCTION IF EXISTS checkfile;

--
-- Drop function `insertTask`
--
DROP FUNCTION IF EXISTS insertTask;

--
-- Drop table `tasks`
--
DROP TABLE IF EXISTS tasks;

--
-- Drop function `getAlgName`
--
DROP FUNCTION IF EXISTS getAlgName;

--
-- Drop table `alg_type`
--
DROP TABLE IF EXISTS alg_type;

--
-- Drop table `in_type`
--
DROP TABLE IF EXISTS in_type;

--
-- Drop table `alg_fact`
--
DROP TABLE IF EXISTS alg_fact;

--
-- Drop table `out_type`
--
DROP TABLE IF EXISTS out_type;

--
-- Set default database
--
USE convdb;

--
-- Create table `out_type`
--
CREATE TABLE out_type (
  id_outType INT(11) NOT NULL,
  out_name VARCHAR(255) CHARACTER SET utf8 COLLATE utf8_general_ci DEFAULT NULL,
  id_parent INT(11) DEFAULT NULL
)
ENGINE = INNODB,
AVG_ROW_LENGTH = 1638,
CHARACTER SET latin1,
COLLATE latin1_swedish_ci,
COMMENT = 'таблица соответствия ';

--
-- Create index `UK_OutTypeDim_id_outType` on table `out_type`
--
ALTER TABLE out_type 
  ADD UNIQUE INDEX UK_OutTypeDim_id_outType(id_outType);

--
-- Create table `alg_fact`
--
CREATE TABLE alg_fact (
  inType_id INT(11) DEFAULT NULL,
  outType_id INT(11) DEFAULT NULL,
  algType_id INT(11) DEFAULT NULL
)
ENGINE = INNODB,
AVG_ROW_LENGTH = 1638,
CHARACTER SET latin1,
COLLATE latin1_swedish_ci;

--
-- Create foreign key
--
ALTER TABLE alg_fact 
  ADD CONSTRAINT FK_algFact_outType_id FOREIGN KEY (outType_id)
    REFERENCES out_type(id_outType) ON DELETE CASCADE;

--
-- Create table `in_type`
--
CREATE TABLE in_type (
  id_inType INT(11) NOT NULL,
  in_name VARCHAR(255) CHARACTER SET utf8 COLLATE utf8_general_ci DEFAULT NULL,
  id_parent INT(11) DEFAULT NULL,
  PRIMARY KEY (id_inType)
)
ENGINE = INNODB,
AVG_ROW_LENGTH = 772,
CHARACTER SET latin1,
COLLATE latin1_swedish_ci;

--
-- Create index `UK_InTypeDim_id_inType` on table `in_type`
--
ALTER TABLE in_type 
  ADD UNIQUE INDEX UK_InTypeDim_id_inType(id_inType);

--
-- Create table `alg_type`
--
CREATE TABLE alg_type (
  id_alg INT(11) NOT NULL,
  alg_fcname VARCHAR(255) CHARACTER SET utf8 COLLATE utf8_general_ci DEFAULT NULL,
  PRIMARY KEY (id_alg)
)
ENGINE = INNODB,
AVG_ROW_LENGTH = 5461,
CHARACTER SET latin1,
COLLATE latin1_swedish_ci,
COMMENT = 'таблица размерностей алгоритмов';

DELIMITER $$

--
-- Create function `getAlgName`
--
CREATE DEFINER = 'admin'@'%'
FUNCTION getAlgName(inType_name_ VARCHAR(255), outType_name_ VARCHAR(255))
  RETURNS varchar(255) CHARSET latin1
  COMMENT 'функция, которая возвращает имя алгорима'
BEGIN
DECLARE algName varchar(255);
DECLARE c1 cursor for
SELECT
  a.alg_fcname
FROM convdb.alg_type a,
     convdb.in_type i,
     convdb.out_type o,
     convdb.alg_fact f
WHERE a.id_alg = f.algType_id
AND f.inType_id = i.id_inType
AND f.outType_id = o.id_outType
AND o.out_name = UPPER(SUBSTRING_INDEX(outType_name_, '#', 1))
AND i.in_name = UPPER(SUBSTRING_INDEX(inType_name_, '#', 1));
 
OPEN c1;
FETCH c1 INTO algName;
close c1;
return algName;
END
$$

DELIMITER ;

--
-- Create table `tasks`
--
CREATE TABLE tasks (
  task_id INT(8) UNSIGNED NOT NULL AUTO_INCREMENT,
  dt_task DATETIME DEFAULT NULL,
  status INT(11) NOT NULL DEFAULT 0,
  dt_status DATETIME DEFAULT NULL,
  in_file_type VARCHAR(500) DEFAULT NULL,
  in_file VARCHAR(500) DEFAULT NULL,
  out_file_type VARCHAR(500) DEFAULT NULL,
  out_file VARCHAR(500) DEFAULT NULL,
  error_msg VARCHAR(100) DEFAULT NULL,
  send_user_id VARCHAR(45) DEFAULT NULL,
  alg_name VARCHAR(500) DEFAULT NULL,
  PRIMARY KEY (task_id),
  UNIQUE INDEX task_id_UNIQUE(task_id)
)
ENGINE = INNODB,
AUTO_INCREMENT = 265358,
AVG_ROW_LENGTH = 388,
CHARACTER SET utf8,
COLLATE utf8_general_ci;

--
-- Create index `IDX_tasks_status` on table `tasks`
--
ALTER TABLE tasks 
  ADD INDEX IDX_tasks_status(status);

DELIMITER $$

--
-- Create function `insertTask`
--
CREATE DEFINER = 'admin'@'%'
FUNCTION insertTask(`inFile` VARCHAR(500), inType VARCHAR(10), otFile VARCHAR(500), otType VARCHAR(10), user VARCHAR(45))
  RETURNS int(11)
BEGIN
INSERT INTO tasks (in_file_type, in_file, out_file_type, out_file, send_user_id, status)
  VALUES (inType, `inFile`, otType, otFile, user, 10);
RETURN 1;
END
$$

--
-- Create function `checkfile`
--
CREATE DEFINER = 'admin'@'%'
FUNCTION checkfile(filename VARCHAR(500))
  RETURNS tinyint(1)
  COMMENT 'процедура проверяет наличие файла в заданиях'
BEGIN
DECLARE f boolean;
DECLARE c1 cursor for
SELECT
  TRUE
FROM convdb.tasks t
WHERE EXISTS (SELECT
    1
  FROM convdb.tasks tt
  WHERE tt.in_file = filename
  OR tt.out_file = filename);
DECLARE CONTINUE HANDLER
FOR NOT FOUND SET f = FALSE;
OPEN c1;
FETCH c1 INTO f;
close c1;
RETURN f;
END
$$

DELIMITER ;

--
-- Create table `t_status`
--
CREATE TABLE t_status (
  id_status INT(11) NOT NULL,
  status_name VARCHAR(255) CHARACTER SET utf8 COLLATE utf8_general_ci NOT NULL,
  end_flag TINYINT(1) DEFAULT 0,
  PRIMARY KEY (id_status)
)
ENGINE = INNODB,
AVG_ROW_LENGTH = 2730,
CHARACTER SET latin1,
COLLATE latin1_swedish_ci,
COMMENT = 'статусы задач';

DELIMITER $$

--
-- Create procedure `deletetasks`
--
CREATE DEFINER = 'admin'@'%'
PROCEDURE deletetasks(IN days INT(3))
  COMMENT 'процедура удаления тасков с завершенным статусом'
BEGIN

END
$$

DELIMITER ;

-- 
-- Dumping data for table out_type
--
INSERT INTO out_type VALUES
(1, 'PDF', NULL),
(2, 'EDS', NULL),
(3, 'FXLSX', NULL),
(4, 'UXLSX', NULL),
(5, 'FXML', NULL),
(6, 'EDM', 2),
(7, 'EDF', 2),
(8, 'EDD', 6),
(9, 'TXML', NULL),
(13, 'BXML', NULL);

-- 
-- Dumping data for table t_status
--
INSERT INTO t_status VALUES
(-1, 'Подготовлено к удалению', 0),
(0, 'Новая задача', 0),
(10, 'В обработку', 0),
(20, 'В работе', 0),
(30, 'Завершено', 1),
(60, 'Завершено с ошибкой', 1);


-- 
-- Dumping data for table in_type
--
INSERT INTO in_type VALUES
(0, 'ANY', NULL),
(1, 'FXML', NULL),
(2, 'UXML', NULL),
(3, 'FXLSX', NULL),
(4, 'BXLSX', NULL),
(5, 'TXLSX', NULL);

-- 
-- Dumping data for table alg_type
--
INSERT INTO alg_type VALUES
(0, 'ru.maxidom.convcore.algs.RhwAlg'),
(1, 'ru.maxidom.convcore.algs.RwAlg'),
(2, 'ru.maxidom.convcore.algs.FullAlg');

-- 
-- Dumping data for table alg_fact
--
INSERT INTO alg_fact VALUES
(0, 1, 2),
(0, 2, 2),
(1, 3, 0),
(3, 5, 0),
(2, 4, 0),
(4, 13, 1),
(0, 6, 2),
(0, 7, 2),
(0, 8, 2),
(5, 9, 0);

--
-- Set default database
--
USE convdb;

--
-- Drop trigger `tasks_BEFORE_INSERT`
--
DROP TRIGGER IF EXISTS tasks_BEFORE_INSERT;

--
-- Drop trigger `tasks_BEFORE_UPDATE`
--
DROP TRIGGER IF EXISTS tasks_BEFORE_UPDATE;

--
-- Set default database
--
USE convdb;

DELIMITER $$

--
-- Create trigger `tasks_BEFORE_INSERT`
--
CREATE 
	DEFINER = 'admin'@'%'
TRIGGER tasks_BEFORE_INSERT
	BEFORE INSERT
	ON tasks
	FOR EACH ROW
BEGIN
declare a_name  varchar(500);
SET NEW.dt_task =   NOW();
SET NEW.dt_status = NOW();

end
$$

--
-- Create trigger `tasks_BEFORE_UPDATE`
--
CREATE 
	DEFINER = 'admin'@'%'
TRIGGER tasks_BEFORE_UPDATE
	BEFORE UPDATE
	ON tasks
	FOR EACH ROW
BEGIN
    declare msg varchar(128);
 
    IF ((OLD.in_file_type IS NULL OR OLD.in_file_type <> NEW.in_file_type) OR (OLD.out_file_type IS NULL OR OLD.out_file_type <> NEW.out_file_type)) THEN
 
      SET NEW.alg_name  = getAlgName(NEW.in_file_type,NEW.out_file_type);
      IF  NEW.alg_name IS NULL THEN
       SET NEW.status = 60;
       SET NEW.error_msg = 'algorythm not found';
      END IF;
    END IF;

    IF NOT ((OLD.status = NEW.status)
OR (OLD.status = 0 AND NEW.status = 10)
OR (OLD.status = 0 AND NEW.status = 60)
OR (OLD.status = 0 AND NEW.status = 35)
OR (OLD.status = 5 AND NEW.status = 10)
OR (OLD.status = 5 AND NEW.status = 35)
OR (OLD.status = 10 AND NEW.status = 0)
OR (OLD.status = 10 AND NEW.status = 5)
OR (OLD.status = 10 AND NEW.status = 20)
OR (OLD.status = 10 AND NEW.status = 60)
OR (OLD.status = 20 AND NEW.status = 30)
OR (OLD.status = 20 AND NEW.status = 60)
OR (OLD.status = 60 AND NEW.status = 10)
OR (OLD.status = 30 AND NEW.status = 10)
OR (OLD.status = 60 AND NEW.status = -1)
OR (OLD.status = 30 AND NEW.status = -1)
) THEN
	
		set msg = concat('Error: Incorrect new status : ', cast(NEW.status as char));
		signal sqlstate '45000' set message_text = msg;
 
	END IF;

	IF OLD.status <> NEW.status THEN 
		SET NEW.dt_status = CURRENT_TIMESTAMP;
	END IF;
    
END
$$

DELIMITER ;

-- 
-- Restore previous SQL mode
-- 
/*!40101 SET SQL_MODE=@OLD_SQL_MODE */;

-- 
-- Enable foreign keys
-- 
/*!40014 SET FOREIGN_KEY_CHECKS=@OLD_FOREIGN_KEY_CHECKS */;